{"cameraMode":{"drawMode":0,"name":"Shaded","section":"Shading Mode"},"sceneLighting":false,"audioPlay":false,"sceneViewState":{"m_AlwaysRefresh":false,"showFog":true,"showSkybox":false,"showFlares":true,"showImageEffects":true,"showParticleSystems":true,"showVisualEffectGraphs":true,"m_FxEnabled":true},"in2DMode":false,"pivot":{"x":-69.4461441040039,"y":-24.371173858642579,"z":-3.7911529541015627},"rotation":{"x":0.019488666206598283,"y":-0.03148946166038513,"z":0.0006214838940650225,"w":0.9993327260017395},"size":120.8423080444336,"orthographic":false}