{"cameraMode":{"drawMode":0,"name":"Shaded","section":"Shading Mode"},"sceneLighting":false,"audioPlay":false,"sceneViewState":{"m_AlwaysRefresh":false,"showFog":true,"showSkybox":true,"showFlares":true,"showImageEffects":true,"showParticleSystems":true,"showVisualEffectGraphs":true,"m_FxEnabled":true},"in2DMode":false,"pivot":{"x":386.19854736328127,"y":3.369720458984375,"z":-482.85516357421877},"rotation":{"x":0.11821795254945755,"y":-0.010425922460854054,"z":0.0012477446580305696,"w":0.9929506182670593},"size":437.25372314453127,"orthographic":false}