{"cameraMode":{"drawMode":0,"name":"Shaded","section":"Shading Mode"},"sceneLighting":false,"audioPlay":false,"sceneViewState":{"m_AlwaysRefresh":false,"showFog":true,"showSkybox":true,"showFlares":true,"showImageEffects":true,"showParticleSystems":true,"showVisualEffectGraphs":true,"m_FxEnabled":true},"in2DMode":false,"pivot":{"x":1249.108154296875,"y":285.33819580078127,"z":-47.230255126953128},"rotation":{"x":0.09734534472227097,"y":0.0029857903718948366,"z":-0.0002919039689004421,"w":0.9952479004859924},"size":524.76025390625,"orthographic":false}