{"cameraMode":{"drawMode":0,"name":"Shaded","section":"Shading Mode"},"sceneLighting":false,"audioPlay":false,"sceneViewState":{"m_AlwaysRefresh":false,"showFog":true,"showSkybox":false,"showFlares":true,"showImageEffects":true,"showParticleSystems":true,"showVisualEffectGraphs":true,"m_FxEnabled":true},"in2DMode":false,"pivot":{"x":626.0001220703125,"y":310.2500305175781,"z":1.5499999523162842},"rotation":{"x":-0.002999872900545597,"y":0.0002957548713311553,"z":-1.304718182382203e-7,"w":-0.9999988675117493},"size":699.7836303710938,"orthographic":true}